<OpenSplice>
   <Domain>
      <Name>ospl_sp_ddsi</Name>
      <Id>0</Id>
      <SingleProcess>true</SingleProcess>
      <Service name="ddsi2">
         <Command>ddsi2e</Command>
      </Service>
      <Service name="durability">
         <Command>durability</Command>
      </Service>
      <Service name="cmsoap">
         <Command>cmsoap</Command>
      </Service>
   </Domain>
   <DDSI2Service name="ddsi2">
      <General>
         <NetworkInterfaceAddress>AUTO</NetworkInterfaceAddress>
         <AllowMulticast>true</AllowMulticast>
         <EnableMulticastLoopback>true</EnableMulticastLoopback>
         <CoexistWithNativeNetworking>false</CoexistWithNativeNetworking>
      </General>
      <Compatibility>
         <!-- see the release notes and/or the OpenSplice configurator on DDSI interoperability -->
         <StandardsConformance>lax</StandardsConformance>
         <!-- the following one is necessary only for TwinOaks CoreDX DDS compatibility
         <ExplicitlyPublishQosSetToDefault>true</ExplicitlyPublishQosSetToDefault>
--></Compatibility>
      <Partitioning>
         <NetworkPartitions>
            <NetworkPartition address="239.0.0.3" connected="true" name="ChatRoom1"/></NetworkPartitions>
            <PartitionMappings>
               <PartitionMapping DCPSPartitionTopic="ChatRoom1.*" networkPartition="ChatRoom1"/></PartitionMappings>
            </Partitioning>
            <Tracing>
               <Verbosity>finest</Verbosity>
            </Tracing>
         </DDSI2Service>
         <DurabilityService name="durability">
            <Network>
               <Alignment>
                  <TimeAlignment>false</TimeAlignment>
                  <RequestCombinePeriod>
                     <Initial>2.5</Initial>
                     <Operational>0.1</Operational>
                  </RequestCombinePeriod>
               </Alignment>
               <WaitForAttachment maxWaitCount="10">
                  <ServiceName>ddsi2</ServiceName>
               </WaitForAttachment>
            </Network>
            <NameSpaces>
               <NameSpace name="defaultNamespace">
                  <Partition>*</Partition>
               </NameSpace>
               <Policy alignee="Initial" aligner="true" durability="Durable" nameSpace="defaultNamespace"/></NameSpaces>
            </DurabilityService>
            <TunerService name="cmsoap">
               <Server>
                  <PortNr>Auto</PortNr>
               </Server>
            </TunerService>
         </OpenSplice>
