<!-- This configuration file defines a very minimal single
process configuration with the default reporting mechanism
    replaced with the log4c example plugin -->

<OpenSplice>
   <Domain>
      <Name>Report plugin demo domain</Name>
      <Id>0</Id>
      <SingleProcess>true</SingleProcess>
      <ReportPlugin>
          <Library file_name="log4cplugin_lib" />
          <Initialize symbol_name="log4c_plugin_init" />
          <TypedReport symbol_name="log4c_plugin_typedreport" />
          <Finalize symbol_name="log4c_plugin_shutdown" />
          <SuppressDefaultLogs>True</SuppressDefaultLogs>
      </ReportPlugin>
   </Domain>
</OpenSplice>
